{
  "deploymentChecklist": {
    "preDeployment": {
      "database": [
        {
          "task": "Run production-setup.sql in Supabase",
          "status": "pending",
          "critical": true
        },
        {
          "task": "Verify all tables created successfully",
          "status": "pending",
          "critical": true
        },
        {
          "task": "Test database connection",
          "status": "pending",
          "critical": true
        }
      ],
      "environment": [
        {
          "task": "Set NEXT_PUBLIC_SUPABASE_URL",
          "status": "pending",
          "critical": true
        },
        {
          "task": "Set NEXT_PUBLIC_SUPABASE_ANON_KEY",
          "status": "pending",
          "critical": true
        },
        {
          "task": "Set SUPABASE_SERVICE_ROLE_KEY",
          "status": "pending",
          "critical": true
        },
        {
          "task": "Configure external API keys (optional)",
          "status": "pending",
          "critical": false
        }
      ],
      "build": [
        {
          "task": "Run npm run build locally",
          "status": "pending",
          "critical": true
        },
        {
          "task": "Fix any build errors",
          "status": "pending",
          "critical": true
        },
        {
          "task": "Test production build locally",
          "status": "pending",
          "critical": true
        }
      ]
    },
    "deployment": [
      {
        "task": "Deploy to Vercel/Netlify",
        "status": "pending",
        "critical": true
      },
      {
        "task": "Verify deployment URL works",
        "status": "pending",
        "critical": true
      },
      {
        "task": "Test login with admin user",
        "status": "pending",
        "critical": true
      }
    ],
    "postDeployment": [
      {
        "task": "Create additional admin users",
        "status": "pending",
        "critical": false
      },
      {
        "task": "Test all user roles",
        "status": "pending",
        "critical": true
      },
      {
        "task": "Verify client portal access",
        "status": "pending",
        "critical": true
      },
      {
        "task": "Test core features (orders, customers, documents)",
        "status": "pending",
        "critical": true
      },
      {
        "task": "Set up monitoring and alerts",
        "status": "pending",
        "critical": false
      }
    ]
  },
  "estimatedDeploymentTime": "2-4 hours",
  "riskLevel": "Low",
  "readinessScore": "95%"
}
